magnitude,x_component,y_component,direction,x_location,y_location
13.601470508735444,-13,4,162.89727103094765,3,-6
9.055385138137417,9,-1,276.3401917459099,-8,-8
8.0,0,8,90,0,-5
11.661903789690601,6,10,59.03624346792648,-4,-3
13.038404810405298,-7,11,122.47119229084849,-1,-7
