magnitude,x_component,y_component,z_component,direction,x_location,y_location,z_location
6.324555320336759,6,0,2,(0, 71.56505117707799),-1,-1,-8
14.52583904633395,-11,-3,-9,(195.25511870305778, 128.2858755791659),10,2,-4
23.68543856465402,19,-10,10,(297.75854060106, 65.02641828672765),-9,2,1
12.884098726725126,9,-2,9,(282.5288077091515, 45.69037741717775),-9,1,-1
11.789826122551595,11,3,3,(15.255118703057775, 75.2586067817278),-9,-9,5
